{"sections":{"image_banner_VmPyNJ":{"type":"image-banner","blocks":{"large_img_d9iBBQ":{"type":"largeImg","settings":{"image":"shopify:\/\/shop_images\/1755515778328.webp","mobile_image":"shopify:\/\/shop_images\/Afternoon.webp","enable_max_width_image":false,"custom_width_image":1170,"border_radius":0,"enable_scroll_down":false,"enable_custom_image":false,"image_custom":"shopify:\/\/shop_images\/Afternoon.webp","image_behavior":"none","sub_title":"","border_sub_title":false,"font_size_sub_title":14,"font_size_sub_title_mb":14,"margin_bottom_sub_title":14,"sub_heading_font":"font_1","font_weight_sub_title":"700","sub_title_position":"sub_title_above","color_sub_title":"#232323","color_sub_title_mb":"#ffffff","heading":"","special_text":"","letter_spacing_heading":"","enable_style_italic":false,"font_size_heading":40,"font_size_heading_mb":24,"margin_bottom_heading":20,"font_weight_heading":"600","color_heading":"#232323","color_heading_mb":"#ffffff","border_title":"border_s1","border_color_title":"#232323","border_color_title_mobile":"#ffffff","text":"","font_size_des":12,"font_size_des_mb":12,"line_height_des":26,"margin_bottom_des":35,"color_des":"#232323","color_des_mb":"#ffffff","countdown":"","hide_countdown_fc":"countdown","countdown_style":"round","countdown_position":"countdown_below_desc","font_size_countdown_number":30,"font_size_countdown_text":14,"color_countdown":"#232323","color_countdown_mb":"#ffffff","countdown_margin_bottom":35,"content_width":475,"bg_color_content":"","align":"center","align_items":"center","position":"left","custom_horizontal":"","custom_vertical":"","btn_text":"","link":"","btn_icon":"","button_1_width":235,"enable_button_custom_border":false,"button_color":"#ffffff","button_border":"#232323","button_background":"#232323","button_background_gradient":"","button_color_hover":"#ffffff","button_border_hover":"#232323","button_background_hover":"#232323","button_background_gradient_hover":"","btn_text_2":"","link_2":"","btn_icon_2":"","button_color_2":"#ffffff","button_border_2":"#232323","button_background_2":"#232323","button_background_2_gradient":"","button_color_hover_2":"#ffffff","button_border_hover_2":"#232323","button_background_hover_2":"#232323","button_background_gradient_hover_2":"","video_link":"","adaptive_height_video":"56","icon_style":"style_1","color_icon":"#ffffff","bg_color_icon":"#000000","enable_custom_video_icon_position":false,"video_icon_horizontal_position":"","video_icon_vertical_position":"","video_icon_horizontal_position_mb":"","video_icon_vertical_position_mb":""}}},"block_order":["large_img_d9iBBQ"],"disabled":true,"name":"t:sections.image-banner.presets.name","settings":{"id_section":"","container":"fullwidth","padding_full_width":0,"display_type":"slide","enable_arrows":false,"arrows_position":"","enable_dots":false,"enable_autoplay":false,"list_gap":0,"image_banner_title":"","enable_border_title":false,"color_title":"#202020","fontsize_title":24,"fontsize_title_mb":20,"margin_bottom_title":25,"image_banner_des":"","color_des":"#202020","fontsize_des":16,"title_align":"center","style_bg":"none","bg_color":"","bg_color_gradient":"","mg_top_desktop":0,"mg_top_tablet":0,"mg_top_mobile":0,"mg_bottom_desktop":0,"mg_bottom_tablet":0,"mg_bottom_mobile":0}},"banner":{"type":"main-collection-banner","disabled":true,"settings":{"container":"default","padding_full_width":0,"layout":"1","show_breadcrumb":true,"breadcrumb_alignment":"left","breadcrumb_color":"#999999","breadcrumb_bg":"rgba(0,0,0,0)","breadcrumb_gradient":"","breadcrumb_color_mb":"","breadcrumb_bg_mb":"#f6f6f6","breadcrumb_gradient_mb":"","show_page_title":false,"page_title_alignment":"left","mg_top_desktop":0,"mg_top_tablet":0,"mg_top_mobile":0,"mg_bottom_desktop":0,"mg_bottom_tablet":0,"mg_bottom_mobile":0}},"product-grid":{"type":"main-collection-product-grid","blocks":{"8472dad8-3289-4746-8b7f-e6ebe3175dd5":{"type":"lookbook","settings":{"show_image":true,"image":"shopify:\/\/shop_images\/Listing_Banner_e3ab8b3e-cc52-4019-8f88-f2c823bd3e18.jpg","link":"","show_title":false,"page_title_alignment":"left","page_title_text_transform":"none","fontsize_title":24,"margin_top_title":30,"title_color":"#232323","show_collection_description":false,"desc_alignment":"left","desc_pos":"top","fontsize_des":12,"margin_top_des":12,"margin_bottom":25,"des_color":"#3c3c3c"}},"80b0a11c-fb01-4b89-8a29-1dbb2a1db16a":{"type":"category","disabled":true,"settings":{"heading":"Categories","type":"1_level","link_list":""}},"ce351101-2c54-4627-b740-b2c592067b4a":{"type":"filter","disabled":true,"settings":{"heading":"Color","list_tags":"White,Black,Blue,Invory,Beige,Brown,Silver,Olive,Gainsboro,DimGray,Burlywood,Lightblue,Salmon,LightPink,LightCoral"}},"6684d566-6940-4457-9cf9-f1a8a6e80573":{"type":"filter","disabled":true,"settings":{"heading":"Size","list_tags":"S,XS,M,L,XL"}},"3978fd59-b580-49e1-9893-38d762f48f10":{"type":"product_block","disabled":true,"settings":{"heading":"Featured Products","product_block_collection":"collection-home-1-2","product_block_layout":"slider","product_block_limit":3,"product_block_dots":false,"product_block_arrows":true}},"dc4f771a-d1ea-42a7-8792-b895132fa9fe":{"type":"image","disabled":true,"settings":{"heading":"","link":""}},"34930b49-8499-46d3-bf41-2cbb334ca73d":{"type":"image","disabled":true,"settings":{"heading":"","link":""}},"2f7f02ac-4072-40ea-844f-59943e256971":{"type":"text","disabled":true,"settings":{"heading":"Custom Block","text":"<p>Custom CMS block displayed at the left sidebar on the Catalog Page. Put your own content here: text, html, images, media... or whatever you like.<\/p>\n\n<p>There are many similar sample content placeholders across the store. All editable from admin panel.<\/p>"}}},"block_order":["8472dad8-3289-4746-8b7f-e6ebe3175dd5","80b0a11c-fb01-4b89-8a29-1dbb2a1db16a","ce351101-2c54-4627-b740-b2c592067b4a","6684d566-6940-4457-9cf9-f1a8a6e80573","3978fd59-b580-49e1-9893-38d762f48f10","dc4f771a-d1ea-42a7-8792-b895132fa9fe","34930b49-8499-46d3-bf41-2cbb334ca73d","2f7f02ac-4072-40ea-844f-59943e256971"],"settings":{"container":"fullwidth","padding_full_width":0,"colors_bg":"rgba(0,0,0,0)","colors_bg_gradient":"","sidebar_collapse":"collapse","enable_sticky":true,"sidebar_layout":"layout_2","sidebar_collapse_default":"close","sidebar_type":"horizontal","sidebar_position":"left","sidebar_heading_font":"font_1","sidebar_heading_font_size":12,"sidebar_heading_font_weight":"700","sidebar_heading_text_transform":"uppercase","show_filter":true,"filter_swatch":"Color","filter_swatch_type":"color","filter_swatch_layout":"color","filter_rectangle":"Size","filter_display_type":"show-more","max_item_per_filter":10,"filter_label_all":"","filter_hidden_tag_list":"","show_toolbar":true,"show_sorting":false,"show_item_per_page":false,"show_view_as":true,"products_per_page":"20","layout":"5","show_infinite_scrolling":"show_more","show_banner":true,"show_banner_1":true,"banner_position_1":"","img_banner1":"shopify:\/\/shop_images\/1755515778328.webp","link_banner_1":"","show_banner_2":false,"banner_position_2":"5","link_banner_2":"","show_banner_3":false,"banner_position_3":"12","link_banner_3":"","product_space_between_vert_desk":1,"product_space_between_vert_mb":1,"product_space_between_horiz_desk":0,"product_space_between_horiz_mb":11,"mg_top_desktop":0,"mg_top_tablet":0,"mg_top_mobile":0,"mg_bottom_desktop":0,"mg_bottom_tablet":0,"mg_bottom_mobile":0}},"product-recently-viewed":{"type":"product-recently-viewed","disabled":true,"settings":{"display_product_recently_viewed":true,"product_recently_viewed_container":"container","padding_full_width":0,"enable_border_top":true,"enable_border_bottom":false,"color_border_bottom":"#e8e8e8","border_style":"container","mg_top_desktop":0,"mg_top_tablet":0,"mg_top_mobile":0,"mg_bottom_desktop":0,"mg_bottom_tablet":0,"mg_bottom_mobile":0,"product_recently_viewed_layout":"slider","product_bg":"#ffffff","product_bg_gradient":"","style_block_header":"style1","product_recently_viewed_title":"Recently Viewed Products","enable_border_title":false,"mg_top_title":26,"mg_bottom_title":3,"fontsize_title":18,"fontsize_title_mb":18,"border_color_title":"#232323","color_title":"#232323","product_recently_viewed_title_align":"center","product_recently_viewed_limit":10,"product_recently_viewed_image_ratio":"adapt","grid_gap":30,"product_recently_viewed_per_row":"5","product_recently_viewed_swipe_on_mobile":true,"product_recently_viewed_dots":false,"product_recently_viewed_dots_mb":true,"product_recently_viewed_arrows":true,"product_recently_viewed_arrows_mb":false,"product_recently_viewed_show":"5","product_block_per_view":"4","show_half":true,"scroll_height":4,"scroll_track_bg":"#f1f1f1","scroll_thumb_color":"#000000","scroll_thumb_hover_color":"#444444","enable_layout_special":false,"bg_card":"#ffffff","padding_card":15,"border_radius_card":5,"border_layout_card":"full","border_width_card":5,"border_color_card":"#f0f1f4"}}},"order":["image_banner_VmPyNJ","banner","product-grid","product-recently-viewed"]}