{"sections":{"main":{"type":"main-page","disabled":true,"settings":{}},"image_banner_DFEV3m":{"type":"image-banner","blocks":{"large_img_jykr6e":{"type":"largeImg","settings":{"image":"shopify:\/\/shop_images\/Desktop_Hero_Banner_Image_03_239debf9-aa10-433f-ab3b-21e57d713c07.webp","enable_max_width_image":false,"custom_width_image":1170,"border_radius":0,"enable_scroll_down":false,"enable_custom_image":false,"image_behavior":"none","sub_title":"","border_sub_title":false,"font_size_sub_title":14,"font_size_sub_title_mb":14,"margin_bottom_sub_title":14,"sub_heading_font":"font_1","font_weight_sub_title":"700","sub_title_position":"sub_title_above","color_sub_title":"#232323","color_sub_title_mb":"#ffffff","heading":"","special_text":"","letter_spacing_heading":"","enable_style_italic":false,"font_size_heading":40,"font_size_heading_mb":24,"margin_bottom_heading":20,"font_weight_heading":"600","color_heading":"#232323","color_heading_mb":"#ffffff","border_title":"border_s1","border_color_title":"#232323","border_color_title_mobile":"#ffffff","text":"","font_size_des":12,"font_size_des_mb":12,"line_height_des":26,"margin_bottom_des":35,"color_des":"#232323","color_des_mb":"#ffffff","countdown":"","hide_countdown_fc":"countdown","countdown_style":"round","countdown_position":"countdown_below_desc","font_size_countdown_number":30,"font_size_countdown_text":14,"color_countdown":"#232323","color_countdown_mb":"#ffffff","countdown_margin_bottom":35,"content_width":475,"bg_color_content":"","align":"center","align_items":"center","position":"left","custom_horizontal":"","custom_vertical":"","btn_text":"","link":"","btn_icon":"","button_1_width":235,"enable_button_custom_border":false,"button_color":"#ffffff","button_border":"#232323","button_background":"#232323","button_background_gradient":"","button_color_hover":"#ffffff","button_border_hover":"#232323","button_background_hover":"#232323","button_background_gradient_hover":"","btn_text_2":"","link_2":"","btn_icon_2":"","button_color_2":"#ffffff","button_border_2":"#232323","button_background_2":"#232323","button_background_2_gradient":"","button_color_hover_2":"#ffffff","button_border_hover_2":"#232323","button_background_hover_2":"#232323","button_background_gradient_hover_2":"","video_link":"","adaptive_height_video":"56","icon_style":"style_1","color_icon":"#ffffff","bg_color_icon":"#000000","enable_custom_video_icon_position":false,"video_icon_horizontal_position":"","video_icon_vertical_position":"","video_icon_horizontal_position_mb":"","video_icon_vertical_position_mb":""}}},"block_order":["large_img_jykr6e"],"disabled":true,"name":"t:sections.image-banner.presets.name","settings":{"id_section":"","container":"fullwidth","padding_full_width":0,"display_type":"slide","enable_arrows":false,"arrows_position":"","enable_dots":false,"enable_autoplay":false,"list_gap":0,"image_banner_title":"","enable_border_title":false,"color_title":"#202020","fontsize_title":24,"fontsize_title_mb":20,"margin_bottom_title":25,"image_banner_des":"","color_des":"#202020","fontsize_des":16,"title_align":"center","style_bg":"none","bg_color":"","bg_color_gradient":"","mg_top_desktop":0,"mg_top_tablet":0,"mg_top_mobile":0,"mg_bottom_desktop":0,"mg_bottom_tablet":0,"mg_bottom_mobile":0}},"custom_press_banner_daAEbt":{"type":"custom-press-banner","custom_css":["@media screen and (max-width: 767px) {.halo-block-content {padding-top: 30px; }}"],"name":"t:sections.custom_press_banner.presets.name","settings":{"container":"1170","padding_full_width":0,"press_bg":"rgba(0,0,0,0)","press_gradient":"","align_items":"center","press_image":"shopify:\/\/shop_images\/section1a-BJUscaj4.webp","press_image_width":1000,"press_image_width_ratio":50,"sub_title":"Our Journey: Crafting Timeless Luxury","letter_spacing_sub_title":"","font_size_sub_title":14,"font_size_sub_title_mb":14,"margin_bottom_sub_title":14,"font_weight_sub_title":"700","sub_title_position":"sub_title_above","color_sub_title":"#232323","title":"Introducing Incroy and Merv: Where Elegance Meets Exclusivity","title_font_size":25,"title_font_size_mb":16,"title_font_weight":"700","mg_bottom_title":15,"title_color":"#000000","des":"Welcome to Incroy and Merv, a brand born out of passion, creativity, and an unwavering commitment to luxury. Our story begins with a vision—to redefine premium fashion with limited edition designer clothing that resonates with sophistication and timeless elegance. In 2024, we proudly launch Incroy and Merv, inspired by the art of fine craftsmanship and the desire to offer our discerning clientele an unparalleled fashion experience. Embrace the allure of luxury, the charm of exclusivity, and the beauty of timeless fashion. With limited collections, we ensure that your style remains as unique as you are.","des_font_size":16,"des_font_size_mb":14,"des_font_weight":"400","mg_bottom_des":15,"des_color":"#000000","item_spacing":40,"content_max_width":1000,"button_text":"","button_link":"","fontsize_btn":16,"button_width":190,"color_button":"#ffffff","border_color_button":"#232323","bg_color_button":"#232323","bg_gradient_color_button":"","color_button_hover":"#ffffff","border_color_button_hover":"#232323","bg_color_button_hover":"#232323","bg_gradient_color_button_hover":"","btn_text_transform":"uppercase","image_behavior":"none","mg_top_desktop":0,"mg_top_tablet":50,"mg_top_mobile":50,"mg_bottom_desktop":0,"mg_bottom_tablet":0,"mg_bottom_mobile":0}},"custom_press_banner_Rf7MLa":{"type":"custom-press-banner","custom_css":["@media screen and (min-width: 1200px) {.press-banner-block-wrapper {flex-flow: row-reverse; }}","@media screen and (max-width: 767px) {.halo-block-content {padding-top: 30px; }}"],"name":"t:sections.custom_press_banner.presets.name","settings":{"container":"1170","padding_full_width":0,"press_bg":"rgba(0,0,0,0)","press_gradient":"","align_items":"center","press_image":"shopify:\/\/shop_images\/section2-BYeurZFn.webp","press_image_width":1000,"press_image_width_ratio":50,"sub_title":"Our Mission","letter_spacing_sub_title":"","font_size_sub_title":14,"font_size_sub_title_mb":14,"margin_bottom_sub_title":14,"font_weight_sub_title":"700","sub_title_position":"sub_title_above","color_sub_title":"#232323","title":"Your Style is Our Inspiration","title_font_size":25,"title_font_size_mb":16,"title_font_weight":"700","mg_bottom_title":15,"title_color":"#000000","des":"At Incroy & Merv, we're on a mission to sprinkle a little magic into your wardrobe! We believe in creating more than just clothes; we create wearable art that turns heads and tells a story. Our limited edition, designer pieces are all about bold elegance and top-notch quality. Launched in 2024, we're ready to revolutionize luxury fashion, one fabulous piece at a time. Join us, and let's make every outfit a masterpiece!","des_font_size":16,"des_font_size_mb":14,"des_font_weight":"400","mg_bottom_des":15,"des_color":"#000000","item_spacing":40,"content_max_width":1000,"button_text":"","button_link":"","fontsize_btn":16,"button_width":190,"color_button":"#ffffff","border_color_button":"#232323","bg_color_button":"#232323","bg_gradient_color_button":"","color_button_hover":"#ffffff","border_color_button_hover":"#232323","bg_color_button_hover":"#232323","bg_gradient_color_button_hover":"","btn_text_transform":"uppercase","image_behavior":"none","mg_top_desktop":50,"mg_top_tablet":50,"mg_top_mobile":50,"mg_bottom_desktop":0,"mg_bottom_tablet":50,"mg_bottom_mobile":50}}},"order":["main","image_banner_DFEV3m","custom_press_banner_daAEbt","custom_press_banner_Rf7MLa"]}