{"sections":{"1765619803143ab1d5":{"type":"_blocks","blocks":{"ai_gen_block_f5725b6_pGz4fk":{"type":"ai_gen_block_f5725b6","settings":{"heading":"Get in Touch","subheading":"We'd love to hear from you. \nFill out the form below and we'll get back to you as soon as possible.","text_align":"center","name_label":"Full Name","name_placeholder":"Enter your full name","email_label":"Email Address","email_placeholder":"Enter your email","phone_label":"Phone Number","phone_placeholder":"Enter your phone number","phone_required":false,"message_label":"Message","message_placeholder":"Enter your message","show_required_asterisk":true,"button_text":"Send Message","success_message":"Thank you for contacting us! We'll get back to you soon.","error_heading":"Please correct the following errors:","form_max_width":700,"form_padding":40,"border_radius":8,"background_color":"#ffffff","heading_size":32,"heading_margin_bottom":16,"heading_color":"#000000","subheading_size":16,"subheading_margin_bottom":24,"text_color":"#666666","label_size":14,"label_color":"#333333","field_spacing":20,"input_padding":12,"input_border_width":1,"input_border_radius":4,"input_font_size":14,"textarea_height":120,"input_background_color":"#ffffff","input_text_color":"#000000","input_border_color":"#cccccc","input_focus_border_color":"#000000","button_padding_vertical":14,"button_padding_horizontal":32,"button_border_radius":4,"button_font_size":16,"button_background_color":"#000000","button_hover_background_color":"#333333","button_text_color":"#ffffff","success_background_color":"#d4edda","success_text_color":"#155724","error_background_color":"#f8d7da","error_text_color":"#721c24"},"blocks":{}}},"block_order":["ai_gen_block_f5725b6_pGz4fk"],"settings":{}},"main":{"type":"main-page","disabled":true,"settings":{}}},"order":["1765619803143ab1d5","main"]}