{"type":"footer","name":"Footer Group","sections":{"footer_04_hE3EGn":{"type":"footer-04","blocks":{"text_aRUFzA":{"type":"text","settings":{"custom_width":"20","heading":"","logo":"shopify:\/\/shop_images\/colored-logo.png","logo_margin_bottom":28,"subtext":"<p>Welcome to Incroy and Merv, a brand born out of passion, creativity, and an unwavering commitment to luxury<br\/><\/p>","address_icon":"point_icon","show_address_icon":false,"address_text":"","phone_icon":"message_icon","show_phone_icon":false,"phone_text":"","email_icon":"envelope_icon","show_email_icon":false,"email_text":"","icon_size":16,"icon_color":"","content_spacing":1,"mg_bottom":0}},"link_list_iQyEXY":{"type":"link_list","settings":{"custom_width":"20","heading":"Shop By","menu":"shop-by","mg_bottom":10}},"link_list_tjriVQ":{"type":"link_list","settings":{"custom_width":"20","heading":"Useful Links","menu":"useful-links","mg_bottom":0}},"link_list_iTQnre":{"type":"link_list","settings":{"custom_width":"20","heading":"Customer Service","menu":"customer-policy","mg_bottom":0}},"newsletter_with_social_3jxx7C":{"type":"newsletter_with_social","settings":{"custom_width":"20","show_newsletter":false,"heading":"Newsletter Sign Up","subtext":"<p>Receive our latest updates about our products and promotions.<\/p>","mg_top_des":0,"mg_bottom_des":0,"spacing_input":10,"newsletter_form_width":420,"newsletter_form_radius":0,"input_text":"enter your email address","input_color":"#646464","input_color_bg":"#ffffff","input_color_border":"#000000","button_text":"Submit","button_width":150,"enable_deep_button_border":false,"button_color":"#ffffff","button_color_border":"#000000","button_color_bg":"#848484","button_color_bg_gradient":"","button_color_hover":"#000000","button_color_border_hover":"#000000","button_color_bg_hover":"#ffffff","button_color_bg_gradient_hover":"","check_text":"","check_text_color":"#808080","check_text_fontsize":14,"check_input_color":"#ffffff","show_social":true,"swap_social_position":true,"social_heading":"Follow Us","enable_bg_social":true,"social_margin_top":0,"social_icon_width":11,"social_icon_padding":10,"social_icon_border_width":1,"social_icon_margin_right":15,"column_reverse":false,"social_color":"#282828","social_border_color":"rgba(0,0,0,0)","social_background_color":"rgba(0,0,0,0)","social_background_color_gradient":"","social_color_hover":"#282828","social_border_color_hover":"#ffffff","social_background_color_hover":"#ffffff","social_background_color_gradient_hover":"","social_box_hover_color":"#ffffff","newsletter_margin_bottom":45}}},"block_order":["text_aRUFzA","link_list_iQyEXY","link_list_tjriVQ","link_list_iTQnre","newsletter_with_social_3jxx7C"],"custom_css":["@media (max-width: 551px) {.container, .container-1770, .container-1570, .container-1670, .container-1470, .container-1370, .container-1320, .container-1170 {padding-left: 20px; padding-right: 20px; } .footer__content-top h2.footer-block__heading {border: unset; } .footer-block__list-social .list-social {margin-left: 0px !important; }}","@media (min-width: 1080px) {.footer-block__details .image_logo img {width: 70%; height: 100%; }}"],"name":"Footer 04","settings":{"container":"1770","padding_full_width":20,"type_footer_heading":"font_1","type_footer_heading_font_size":18,"type_footer_heading_line_height":22,"type_footer_heading_font_weight":"700","type_footer_heading_text_transform":"capitalize","type_footer_heading_margin_bottom":12,"type_footer_heading_letter_spacing":".0","type_footer_link":"font_1","type_footer_link_font_size":16,"type_footer_link_font_weight":"400","type_footer_link_text_transform":"capitalize","type_footer_link_line_height":33,"type_footer_link_letter_spacing":".0","enable_border_footer_top":false,"border_footer_top_color":"#ffffff","pdtop_footer_top":90,"pdbottom_footer_top":90,"footer_top_bg":"#000000","footer_top_bg_gradient":"","show_footer_top_bg_img":false,"footer_top_bg_position_x":"center","footer_top_bg_position_y":"center","footer_top_bg_repeat":"no-repeat","footer_top_bg_attachment":"fixed","footer_top_bg_size":"contain","footer_top_text_align":"left","footer_top_title_color":"#ffffff","footer_top_color_link":"#dcdcdc","footer_top_color_link_hover":"#ffffff"}},"18143083-d682-409a-8001-2aa50dcb7fe9":{"type":"newsletter","blocks":{"3c71eb67-386f-4ca9-93b5-6a9071eaf804":{"type":"newsletter","settings":{"newsletter_content_direction":"column","newsletter_form_justify_content":"center","spacing_tb":75,"custom_width":false,"width":"","section_title":"SIGN-UP FOR ELLANEWS","special_text":"","section_title_font_size":20,"section_title_font_size_mb":16,"section_title_font_weight":"900","section_title_text_transform":"none","section_title_font_style":"normal","section_title_color":"#ffffff","mg_bottom_title":0,"mg_bottom_title_mb":0,"section_subtitle":"","section_subtitle_font_size":16,"section_subtitle_font_size_mb":24,"section_subtitle_font_weight":"400","section_subtitle_text_transform":"none","section_subtitle_font_style":"normal","section_subtitle_color":"#191919","mg_bottom_subtitle":0,"mg_bottom_subtitle_mb":0,"show_between_input_button":false,"section_description":"<p>Stay informed about the latest style advice and product launches.<br\/>Learn more about our emails and our <a href=\"https:\/\/new-ella-demo.myshopify.com\/?fts=0#\">Privacy Policy<\/a>.<\/p>","section_description_font_size":14,"section_description_font_size_mb":14,"section_description_font_weight":"400","section_description_color":"#b0b4b8","margin_bottom_des":30,"button_style":"text","button_text":"SUBMIT","button_font_size":16,"button_width":150,"button_border_radius":0,"button_text_color":"#ffffff","button_border_color":"#a3906f","button_background_color":"#a3906f","button_gradient_color":"","button_text_color_hover":"#ffffff","button_border_color_hover":"#232323","button_background_color_hover":"#232323","button_gradient_color_hover":"","button_text_transform":"uppercase","button_font_weight":"600","show_box_shadow_button":false,"shadow_color_button":"rgba(0,0,0,0)","show_input_field":true,"input_style":"style_1","input_placeholder":"enter your email address","input_text_font_size":16,"input_width":480,"input_border_radius":0,"input_placeholder_color":"#505050","input_background_color":"#ffffff","input_border_color":"#ffffff","form_gap":10,"input_width_behavior":"auto","show_box_shadow_input":false,"shadow_color_input":"rgba(0,0,0,0)"}}},"block_order":["3c71eb67-386f-4ca9-93b5-6a9071eaf804"],"disabled":true,"settings":{"container":"container","padding_full_width":0,"background":"#1a2531","background_gradient":"","enable_parallax":true,"section_text_align":"center","justify_section_content":"center","section_item_distance":20,"enable_social_media_below":false,"mg_top_desktop":60,"mg_top_tablet":30,"mg_top_mobile":20,"mg_bottom_desktop":70,"mg_bottom_tablet":50,"mg_bottom_mobile":35}},"cb3aa688-f81f-4507-b7ca-5ae3dd1d58d8":{"type":"footer-03","blocks":{"sections--14855161806899__cb3aa688-f81f-4507-b7ca-5ae3dd1d58d8-167645096355576f5a-0":{"type":"link_list","settings":{"custom_width":"25","heading":"Shop","menu":"main-menu","mg_bottom":0}},"sections--14855161806899__cb3aa688-f81f-4507-b7ca-5ae3dd1d58d8-167645096355576f5a-1":{"type":"link_list","settings":{"custom_width":"25","heading":"Information","menu":"main-menu","mg_bottom":0}},"sections--14855161806899__cb3aa688-f81f-4507-b7ca-5ae3dd1d58d8-167645096355576f5a-2":{"type":"link_list","settings":{"custom_width":"25","heading":"Customer Service","menu":"main-menu","mg_bottom":0}},"sections--14855161806899__cb3aa688-f81f-4507-b7ca-5ae3dd1d58d8-167645096355576f5a-3":{"type":"social_media_with_payment","settings":{"social_heading":"Keep in touch","enable_bg_social":false,"social_margin_top":0,"social_icon_width":19,"social_icon_padding":8,"social_icon_border_width":1,"social_icon_margin_right":15,"social_color":"#ffffff","social_border_color":"rgba(0,0,0,0)","social_background_color":"rgba(0,0,0,0)","social_background_color_gradient":"","social_color_hover":"#282828","social_border_color_hover":"#ffffff","social_background_color_hover":"#ffffff","social_background_color_gradient_hover":"","social_box_hover_color":"#ffffff","show_payment":true,"payment_margin_top":31,"heading_payment":"Payment accepted","payment_type":"custom","show_payment_visa":true,"show_payment_master":true,"show_payment_maestro":true,"show_payment_american_express":true,"show_payment_apple_pay":true,"show_payment_bitcoin":false,"show_payment_dankort":false,"show_payment_diners_club":false,"show_payment_discover":false,"show_payment_paypal":false,"show_payment_dogecoin":false,"show_payment_dwolla":false,"show_payment_forbrugsforeningen":false,"show_payment_jcb":true,"show_payment_litecoin":true,"show_payment_afterpay":false,"show_payment_google_pay":false,"show_payment_ideal":false,"show_payment_klarna":false,"show_payment_klarna-pay-later":false,"show_payment_shopify_pay":false,"show_payment_sofort":false}}},"block_order":["sections--14855161806899__cb3aa688-f81f-4507-b7ca-5ae3dd1d58d8-167645096355576f5a-0","sections--14855161806899__cb3aa688-f81f-4507-b7ca-5ae3dd1d58d8-167645096355576f5a-1","sections--14855161806899__cb3aa688-f81f-4507-b7ca-5ae3dd1d58d8-167645096355576f5a-2","sections--14855161806899__cb3aa688-f81f-4507-b7ca-5ae3dd1d58d8-167645096355576f5a-3"],"disabled":true,"settings":{"container":"1170","padding_full_width":0,"type_footer_heading":"font_1","type_footer_heading_font_size":18,"type_footer_heading_line_height":24,"type_footer_heading_font_weight":"900","type_footer_heading_text_transform":"uppercase","type_footer_heading_margin_bottom":12,"type_footer_heading_letter_spacing":".02em","type_footer_link":"font_1","type_footer_link_font_size":14,"type_footer_link_font_weight":"400","type_footer_link_text_transform":"capitalize","type_footer_link_line_height":34,"type_footer_link_letter_spacing":".02em","enable_border_footer_top":true,"footer_top_border_thickness":1,"border_footer_top_color":"#48515a","pdtop_footer_top":50,"pdbottom_footer_top":50,"footer_top_bg":"#1a2531","footer_top_bg_gradient":"","show_footer_top_bg_img":false,"footer_top_bg_position_x":"left","footer_top_bg_position_y":"center","footer_top_bg_repeat":"no-repeat","footer_top_bg_attachment":"fixed","footer_top_bg_size":"contain","footer_top_text_align":"left","footer_top_title_color":"#ffffff","footer_top_color_link":"#b0b4b8","footer_top_color_link_hover":"#ffffff"}}},"order":["footer_04_hE3EGn","18143083-d682-409a-8001-2aa50dcb7fe9","cb3aa688-f81f-4507-b7ca-5ae3dd1d58d8"]}