{"type":"header","name":"Header Group","sections":{"announcement-bar":{"type":"announcement-bar","blocks":{"announcement-bar-0":{"type":"announcement","settings":{"type":"html","text":"<div class=\"message\" style=\"letter-spacing: .05em;padding: 3px 5px;\">\n  MID-SEASON SALE UP TO 70% OFF.<a href=\"\/collections\/all\" alt=\"Shop Now\">SHOP NOW<\/a>\n<\/div>","text_rich":"<p>Welcome to our store<\/p>","btn_color":"#f84248","btn_border_color":"#ffffff","btn_bg_color":"#ffffff","btn_bg_color_gradient":""}}},"block_order":["announcement-bar-0"],"disabled":true,"settings":{"layout":"slider","enable_close":false,"color_text":"#ffffff","bg_color_text":"#1a2531","bg_color_text_gradient":"","font_size_text":14,"font_style_text":"normal","font_weight_text":"500","arrow_active":false,"content_max_width":38,"padding_top":0,"padding_top_tablet":0,"padding_top_mobile":0,"padding_bottom":0,"padding_bottom_tablet":0,"padding_bottom_mobile":0}},"header_navigation_full_elements_gaMT4P":{"type":"header-navigation-full-elements","blocks":{"logo_VHqeK3":{"type":"logo","settings":{"logo_position":"always","logo_width":70,"logo_width_fixed":100,"logo_text":"","logo_font_size":20,"logo_font_weight":"900","logo_text_transform":"uppercase","logo_color":"#000000"}},"main_menu_GGKkQB":{"type":"main_menu","settings":{"menu":"main-menu","menu_top_spacing":20,"menu_bottom_spacing":20,"grid_gap_menu_item":20,"alignment":"left","bg_mega_menu":"#ffffff","bg_mega_menu_gradient":"","lv_1_color":"#232323","lv_1_color_hover":"#232323","lv_2_color":"#232323","lv_2_color_hover":"#232323","lv_3_color":"#3c3c3c","lv_3_color_hover":"#3c3c3c","sale_item_1":"","sale_item_2":"","sale_item_3":"","sale_item_color":"#d12442","label_position":"main_menu","show_label_blink":false,"new_label_1":"","new_label_2":"","new_label_3":"","new_label_color":"#ffffff","new_label_bg":"#bae4ed","new_label_bg_gradient":"","sale_label_1":"","sale_label_2":"","sale_label_3":"","sale_label_color":"#ffffff","sale_label_bg":"#d12442","sale_label_bg_gradient":"","hot_label_1":"","hot_label_2":"","hot_label_3":"","hot_label_color":"#ffffff","hot_label_bg":"#fff993","hot_label_bg_gradient":""}},"header_icons_ygaRfG":{"type":"header_icons","settings":{"show_customer":true,"show_search":true,"show_wishlist":true,"show_cart":true,"show_language_currency":true,"text_font_size":14,"show_customer_sticky":true,"show_search_sticky":true,"show_wishlist_sticky":true,"show_cart_sticky":true,"show_language_currency_sticky":true,"header_icons_color":"#323232","header_icons_color_hover":"#323232","cart_count_bubble_color":"#323232","cart_count_bubble_bg":"rgba(0,0,0,0)","cart_count_bubble_bg_gradient":""}}},"block_order":["logo_VHqeK3","main_menu_GGKkQB","header_icons_ygaRfG"],"disabled":true,"name":"t:sections.header.settings.navigation.name_6","settings":{"container":"1770","padding_full_width":0,"header_navigation_bg":"rgba(0,0,0,0)","header_navigation_bg_gradient":"","sticky_header_type":"always","sticky_header_width":"default"}},"custom_mega_menu_naAWyT":{"type":"custom-mega-menu","name":"Custom Header (Desktop)","settings":{}},"deb8dcfc-6e5c-495d-ad01-12fa1389160b":{"type":"header-navigation-hamburger","blocks":{"sections--14682829619277__deb8dcfc-6e5c-495d-ad01-12fa1389160b-16808376403fcfa6e6-1":{"type":"main_menu","settings":{"menu":"main-menu","menu_top_spacing":15,"menu_bottom_spacing":26,"grid_gap_menu_item":17,"alignment":"left","bg_mega_menu":"#ffffff","bg_mega_menu_gradient":"","lv_1_color":"#232323","lv_1_color_hover":"#232323","lv_2_color":"#232323","lv_2_color_hover":"#232323","lv_3_color":"#232323","lv_3_color_hover":"#232323","sale_item_1":"winter wear","sale_item_2":"","sale_item_3":"","sale_item_color":"#d12442","label_position":"main_menu","show_label_blink":true,"new_label_1":"Theme Demo","new_label_2":"","new_label_3":"Home 21 - Yoga, Home 22 - Eyes Wears, Home 23 - Plant+ Garden, Home 24 - Bicycle, Mobile Sticky Toolbar","new_label_color":"#ffffff","new_label_bg":"#06bfe2","new_label_bg_gradient":"","sale_label_1":"","sale_label_2":"","sale_label_3":"","sale_label_color":"#ffffff","sale_label_bg":"#ef6454","sale_label_bg_gradient":"","hot_label_1":"Product","hot_label_2":"","hot_label_3":"Bundle - Upsell, Variant Image Grouped, Home 02 - Trendy Style, Home 04 - High Fashion, Home 06 - SuperMarket, Home 15 - Automotive 2, Home 09 - Pet Supplies, Different Mobile Menu, Custom Options, Variant Metafield, Notify Me (Out Of Stock), Color Comparison","hot_label_color":"#ffffff","hot_label_bg":"#ffbb49","hot_label_bg_gradient":""}},"sections--14682829619277__deb8dcfc-6e5c-495d-ad01-12fa1389160b-16808376403fcfa6e6-0":{"type":"logo","settings":{"logo_position":"always","logo":"shopify:\/\/shop_images\/NameLogo.webp","logo_transparent":"shopify:\/\/shop_images\/NameLogo.webp","logo_width":195,"logo_width_fixed":100,"logo_text":"","logo_font_size":24,"logo_font_weight":"900","logo_text_transform":"uppercase","logo_color":"#000000"}},"sections--14682829619277__deb8dcfc-6e5c-495d-ad01-12fa1389160b-16808376403fcfa6e6-2":{"type":"header_icons","settings":{"icons_width":24,"icons_layout":"icon","icons_bold":"regular","show_search":true,"search_icon":"1","search_dropdown":"default","use_search_input":false,"search_input_style":"1","show_customer":true,"customer_icon":"2","text_font_size":16,"show_wishlist":true,"show_wishlist_number":false,"wishlist_icon":"1","show_cart":true,"show_cart_number":true,"show_cart_number_position":false,"cart_icon":"6","show_language_currency":true,"language_currency_style":"style_1","lang_cur_icon":"1","show_search_sticky":true,"show_customer_sticky":true,"show_wishlist_sticky":true,"show_cart_sticky":true,"show_language_currency_sticky":true,"header_icons_color":"#232323","header_icons_color_hover":"#232323","search_input_color":"#232323","search_input_bg":"#f0f0f0","search_input_border":"#ffffff","cart_count_bubble_color":"#ffffff","cart_count_bubble_bg":"#1a2531","cart_count_bubble_bg_gradient":"","wishlist_color_item":"#ffffff","wishlist_bg_item":"#232323"}},"49459ccc-e7bb-40e5-8544-bf7b8e3000b5":{"type":"megamenu_style_1","disabled":true,"settings":{"layout_block":"custom_width","header_custom_width_size":1200,"item":"Winter wear","column":3,"show_banner_1":true,"banner_1":"shopify:\/\/shop_images\/woman-green-outfit-stands-front-forest.jpg","banner_url_1":"shopify:\/\/collections\/blazero","show_product":true,"product_title":"Featured Products","product_collection":"vitaened-queollis-asmolem-tumet"}},"a95ae51a-e02d-42cd-8e35-232434188ac6":{"type":"megamenu_style_2","disabled":true,"settings":{"layout_block":"custom_width","header_custom_width_size":1200,"item":"trend","column":3,"show_banner_1":true,"banner_url_1":"shopify:\/\/collections\/congue","show_banner_2":true,"banner_url_2":"shopify:\/\/collections\/scarvero","show_banner_3":true,"banner_url_3":"shopify:\/\/collections\/nor-loremirus"}},"f445a539-57b4-4c46-8bd1-43b584060d79":{"type":"megamenu_style_3","disabled":true,"settings":{"layout_block":"custom_width","header_custom_width_size":1200,"mega_tyle":"style1","item":"collections","column":5,"show_banner_1":true,"banner_url_1":"shopify:\/\/collections\/cosmopolis","show_banner_2":true,"banner_url_2":"shopify:\/\/collections\/congue","show_banner_3":true,"banner_url_3":"shopify:\/\/collections\/metropolis","show_banner_4":true,"banner_url_4":"shopify:\/\/collections\/suito","show_banner_5":true,"banner_url_5":"shopify:\/\/collections\/nor-loremirus","show_banner_6":false,"banner_url_6":""}},"ff26650f-5255-4f55-bc62-43d09087e0c0":{"type":"megamenu_style_1","disabled":true,"settings":{"layout_block":"custom_width","header_custom_width_size":1200,"item":"demo","column":5,"show_banner_1":false,"banner_url_1":"","show_product":false,"product_title":"Featured Products","product_collection":""}},"f02cfa3f-b43c-4cb7-8a4a-dbf13e3df510":{"type":"megamenu_style_1","disabled":true,"settings":{"layout_block":"custom_width","header_custom_width_size":1400,"item":"Theme Demo","column":5,"show_banner_1":false,"banner_url_1":"","show_product":false,"product_title":"Featured Products","product_collection":""}},"558ddc88-cf44-4e9e-b8bd-73a399ede4c2":{"type":"megamenu_style_1","disabled":true,"settings":{"layout_block":"custom_width","header_custom_width_size":1200,"item":"Shop","column":4,"show_banner_1":false,"banner_url_1":"","show_product":false,"product_title":"Featured Products","product_collection":""}},"8aa855b4-08f6-405a-9122-5926c75cf7fb":{"type":"megamenu_style_1","disabled":true,"settings":{"layout_block":"custom_width","header_custom_width_size":1400,"item":"Product","column":5,"show_banner_1":false,"banner_url_1":"","show_product":false,"product_title":"Featured Products","product_collection":""}}},"block_order":["sections--14682829619277__deb8dcfc-6e5c-495d-ad01-12fa1389160b-16808376403fcfa6e6-1","sections--14682829619277__deb8dcfc-6e5c-495d-ad01-12fa1389160b-16808376403fcfa6e6-0","sections--14682829619277__deb8dcfc-6e5c-495d-ad01-12fa1389160b-16808376403fcfa6e6-2","49459ccc-e7bb-40e5-8544-bf7b8e3000b5","a95ae51a-e02d-42cd-8e35-232434188ac6","f445a539-57b4-4c46-8bd1-43b584060d79","ff26650f-5255-4f55-bc62-43d09087e0c0","f02cfa3f-b43c-4cb7-8a4a-dbf13e3df510","558ddc88-cf44-4e9e-b8bd-73a399ede4c2","8aa855b4-08f6-405a-9122-5926c75cf7fb"],"disabled":true,"settings":{"container":"1370","padding_full_width":30,"header_layout_style":"style_2","header_navigation_bg":"rgba(0,0,0,0)","header_navigation_bg_gradient":"","sticky_header_type":"always","sticky_header_width":"default","enable_transparent":true,"transparent_color":"#232323","transparent_color_hover":"#232323","border_color":"","padding_top":0,"padding_bottom":0}},"header-mobile":{"type":"header-mobile","blocks":{"7de2266e-0cd4-4fda-9f09-06f75a17f944":{"type":"menu","settings":{"color":"#ffffff","menu_tab_bg":"#ffffff"}},"163e2cb5-14f2-4af6-9ac3-77193c082f53":{"type":"search","settings":{"icon":"1","popup_action":true,"color":"#000000"}},"550fbd21-75fb-4051-9dee-77d91b5239f0":{"type":"logo","settings":{"logo_mobile":"shopify:\/\/shop_images\/black_logo.png","logo_width_mobile":123,"logo_text":"","logo_font_size":20,"logo_font_weight":"900","logo_text_transform":"uppercase","logo_color":"#ffffff","alignment":"center"}},"20dae707-64c0-4ea3-a05e-561cae9836d8":{"type":"customer","settings":{"icon":"1","color":"#000000"}},"633f9dae-3f65-4bda-9ca8-9d3e231aaf9d":{"type":"cart","settings":{"icon":"2","show_cart_count_bubble":true,"color":"#000000","color_bubble":"#000000","bg_bubble":"#ffffff"}}},"block_order":["7de2266e-0cd4-4fda-9f09-06f75a17f944","163e2cb5-14f2-4af6-9ac3-77193c082f53","550fbd21-75fb-4051-9dee-77d91b5239f0","20dae707-64c0-4ea3-a05e-561cae9836d8","633f9dae-3f65-4bda-9ca8-9d3e231aaf9d"],"custom_css":[],"settings":{"background":"rgba(0,0,0,0)","gradient":"","sticky_header_type":"always","enable_transparent":true,"transparent_color":"#000000","transparent_border_color":"#232323","padding_top":0,"padding_bottom":0}}},"order":["announcement-bar","header_navigation_full_elements_gaMT4P","custom_mega_menu_naAWyT","deb8dcfc-6e5c-495d-ad01-12fa1389160b","header-mobile"]}